{"cameraMode":{"drawMode":0,"name":"Shaded","section":"Shading Mode"},"sceneLighting":true,"audioPlay":false,"sceneViewState":{"showFog":true,"showMaterialUpdate":false,"showSkybox":true,"showFlares":true,"showImageEffects":true,"showParticleSystems":true},"in2DMode":false,"pivot":{"x":41.94353103637695,"y":11.946224212646485,"z":-43.84696578979492},"rotation":{"x":0.2895510196685791,"y":-0.48240968585014346,"z":0.1726190596818924,"w":0.8084824085235596},"size":42.12932586669922,"orthographic":false}